Book Name,Author,Rating,Customers_Rated,Price
General Knowledge,Dr. Binay Karna,4.4 out of 5 stars,"16,239",₹172.00
Mahatma Gandhi Autobiography: The Story Of My Experiments With Truth,Mahatma Gandhi,4.5 out of 5 stars,"4,894",₹156.00
Animals Tales From Panchtantra: Timeless Stories for Children From Ancient India,Wonder House Books,4.6 out of 5 stars,"2,053",₹159.00
Brijbhoomi Books And Handicrafts® Bhagavad Gita: Yatharoop,Brijbhoomi Books And Handicrafts,4.7 out of 5 stars,"10,129",₹185.00
"Karma: A Yogi's Guide to Crafting Your Destiny NEW YORK TIMES, USA TODAY, and PUBLISHERS WEEKLY BESTSELLER , must-read…",Sadhguru,4.7 out of 5 stars,"5,512",₹239.00
101 Panchatantra Stories for Children: Colourful Illustrated Stories,Om Books Editorial Team,4.5 out of 5 stars,"4,240",₹193.00
"Writing Practice Boxset: Pack of 4 Books (Writing Fun: Write and Practice Capital Letters, Small Letters, Patterns and…",Wonder House Books,4.3 out of 5 stars,"6,177",₹159.00
Oswaal CBSE Sample Question Paper Class 10 Science Book (For Term I Nov-Dec 2021 Exam),Oswaal Editorial Board,4.4 out of 5 stars,47,₹158.00
My Little Library (Set of 10 Books),Figbo Books,4.5 out of 5 stars,593,₹399.00
Oswaal CBSE Sample Question Paper Class 10 Mathematics Standard Book (For Term I Nov-Dec 2021 Exam),Oswaal Editorial Board,4.5 out of 5 stars,61,₹139.00
CBSE MCQ Bank Social Science Class 10 Term 1,www.cbse.online,4.3 out of 5 stars,24,₹389.00
Think Like a Monk: The secret of how to harness the power of positivity and be happy now,Jay Shetty,4.6 out of 5 stars,"18,260",₹292.00
A Modern Approach To Verbal & Non-Verbal Reasoning (2 Colour Edition),R.S. Aggarwal,4.4 out of 5 stars,"8,777",₹503.00
"Oswaal CBSE MCQs Chapterwise For Term I & II, Class 10, Mathematics (Standard) (With the largest MCQ Questions Pool for…",Oswaal Editorial Board,4.2 out of 5 stars,185,₹137.00
"Xam Idea CBSE MCQs Chapterwise For Term I, Class 10 Mathematics, Science & Social Science (Set of 3) (With massive…",Xamidea Editorial Board,4.1 out of 5 stars,68,₹475.00
Sapiens: A Brief History of Humankind,Yuval Noah Harari,4.7 out of 5 stars,"38,432",₹433.55
Oswaal CBSE Sample Question Paper Class 12 English Core Book (For Term I Nov-Dec 2021 Exam),Oswaal Editorial Board,4.0 out of 5 stars,44,₹194.00
Wings of Fire: An Autobiography of Abdul Kalam,Arun Tiwari,4.6 out of 5 stars,"9,832",₹226.00
Colour With Crayons Book 1 for Kids Age 1 -6 Years - Drawing and Colouring Book for Early Learners,Dreamland Publications,4.2 out of 5 stars,"4,300",₹49.00
Rich Dad Poor Dad - 20Th Anniversary Edition - Hindi,Robert T. Kiyosaki,4.5 out of 5 stars,"7,885",₹176.00
The Theory of Everything: The Origin and Fate of the Universe,Stephen Hawking,4.6 out of 5 stars,"8,392",₹169.00
Indian Polity For Civil Services and Other State Examinations| 6th Revised Edition,M Laxmikanth,4.1 out of 5 stars,25,₹620.00
26 Years UPSC IAS/ IPS Prelims Topic-wise Solved Papers 1 & 2 (1995 - 2020) 11th Edition,Mrunal Patel,4.5 out of 5 stars,"5,442",₹380.00
Concept of Physics - Part 1 & 2 2019 - 2020 Session (Set of 2 books),0,4.7 out of 5 stars,"2,020",₹646.00
Moral Story Books for Kids (Pack of 10 Books) | 160 Total Pages | Illustrated Stories,Young Angels Publishing,4.3 out of 5 stars,"2,443",₹225.00
"Oswaal CBSE MCQs Chapterwise For Term I & II, Class 12, English Core (With the largest MCQ Question Pool for 2021-22…",Oswaal Editorial Board,4.4 out of 5 stars,99,₹173.00
Indian Art and Culture for Civil Services and other Competitive Examinations,Nitin Singhania,4.6 out of 5 stars,"5,040",₹522.00
Autobiography of a Yogi,Paramahansa Yogananda,4.6 out of 5 stars,"5,331",₹184.00
Who Will Cry When You Die?,Robin Sharma,4.5 out of 5 stars,"12,006",₹125.00
"Educart ICSE Semester 1 MCQ Sample Papers Books Main Subjects Bundle Class 10 - English 1 & 2, Maths, Physics, Chemistry…",Educart,4.0 out of 5 stars,107,₹743.00
"The Silent Patient: The record-breaking, multimillion copy Sunday Times bestselling thriller and Richard & Judy book…",Alex Michaelides,4.5 out of 5 stars,"77,826",₹339.00
"Oswaal CBSE MCQs Chapterwise Question Bank For Term I & II, Class 10, English Language & Literature (With the largest…",Oswaal Editorial Board,4.2 out of 5 stars,194,₹173.00
CBSE New Pattern English Core Class 12 for 2021-22 Exam (MCQs based book for Term 1),Srishti Agarwal,4.3 out of 5 stars,122,₹85.00
"Brain Games for Clever Kids: Puzzles to Exercise Your Mind (Buster Brain Games, 1)",Gareth Moore,4.3 out of 5 stars,"6,212",₹199.00
27 Years UPSC IAS/ IPS Prelims Topic-wise Solved Papers 1 & 2 (1995 - 2021) 12th Edition,Mrunal Patel,4.5 out of 5 stars,2,₹455.00
"Chapterwise MCQs Book for ICSE Class 10 Semester I Exam 2021 : 2000+ New Pattern Questions (Hindi, English I, English II…",Oswal - Gurukul,4.1 out of 5 stars,133,₹280.00
How to Talk to Anyone: 92 Little Tricks for Big Success in Relationships,Leil Lowndes,4.4 out of 5 stars,"3,978",₹146.00
"The 5 AM Club: Own Your Morning, Elevate Your Life",Robin Sharma,4.5 out of 5 stars,"15,629",₹218.00
Think and Grow Rich,Napoleon Hill,4.5 out of 5 stars,"57,615",₹149.00
Fundamentals of Essay and Answer Writing,Anudeep Durishetty,4.7 out of 5 stars,"1,165",₹404.00
General Knowledge 2022,Manohar Pandey,4.3 out of 5 stars,"1,279",₹195.00
"Chapterwise MCQs Book for ICSE Class 10 Semester I Exam 2021 : 2000+ New Pattern Questions (Physics, Chemistry, Maths…",Oswal - Gurukul,4.1 out of 5 stars,132,₹385.00
"My First 1000 Words: Early Learning Picture Book to Learn Alphabet, Numbers, Shapes and Colours, Transport, Birds and…",Wonder House Books,4.5 out of 5 stars,"3,931",₹192.00
Metamorphosis,Franz Kafka,4.5 out of 5 stars,"5,046",₹99.00
The Girl Who Drank the Moon,Kelly Barnhill,4.6 out of 5 stars,"13,640",₹262.00
Death; An Inside Story: A book for all those who shall die,Sadhguru,4.7 out of 5 stars,"7,380",₹186.00
The Everyday Hero Manifesto,Robin Sharma,4.5 out of 5 stars,180,₹317.00
Oswaal CBSE Sample Question Papers Class 10 English Language & Literature Book (For Term I Nov-Dec 2021 Exam),Oswaal Editorial Board,4.7 out of 5 stars,36,₹161.00
"Environment - 8/edition, 2021",Shankar,4.0 out of 5 stars,722,₹443.00
"Oswaal CBSE MCQs Chapterwise For Term I & II, Class 10, Social Science (With the largest MCQ Questions Pool for 2021-22…",Oswaal Editorial Board,4.2 out of 5 stars,157,₹146.00
